NPI,State,Usage Time (mins),Region,Speciality,Count of Survey Attempts,Login Hour
1000000000,6,19,1,0,3,6
1000000001,4,42,0,3,5,12
1000000002,0,26,3,3,8,15
1000000003,9,79,1,4,9,14
1000000004,2,98,3,3,0,15
1000000005,3,116,0,4,10,11
1000000006,9,47,0,0,6,11
1000000007,9,98,3,1,6,16
1000000008,5,28,1,5,8,18
1000000009,8,19,3,2,10,13
1000000010,7,16,2,4,1,15
1000000011,3,96,0,1,10,12
1000000012,6,75,0,4,5,14
1000000013,0,45,3,3,10,12
1000000014,0,20,2,6,2,13
1000000015,7,111,3,1,2,11
1000000016,2,93,0,0,9,11
1000000017,4,81,1,6,8,20
1000000018,9,6,0,1,5,12
1000000019,0,55,3,4,0,12
1000000020,9,12,2,0,4,14
1000000021,8,11,3,2,0,19
1000000022,7,108,1,3,7,13
1000000023,8,118,0,3,4,6
1000000024,3,76,3,6,7,19
1000000025,6,36,1,2,1,11
1000000026,7,17,3,1,7,16
1000000027,2,91,1,2,1,10
1000000028,3,13,3,1,9,15
1000000029,1,109,2,0,7,6
1000000030,6,28,0,0,2,13
1000000031,5,112,2,3,10,20
1000000032,7,94,2,3,3,13
1000000033,4,73,0,2,3,9
1000000034,0,55,1,5,7,14
1000000035,2,118,1,4,5,18
1000000036,4,93,3,0,1,19
1000000037,4,105,0,2,9,13
1000000038,3,93,3,5,2,16
1000000039,8,62,2,4,7,8
1000000040,5,12,2,6,10,14
1000000041,8,48,1,6,6,15
1000000042,0,11,3,3,6,6
1000000043,8,40,3,1,1,10
1000000044,3,48,2,5,9,10
1000000045,2,23,2,1,1,10
1000000046,6,27,1,5,0,8
1000000047,7,61,1,6,6,9
1000000048,3,37,2,6,9,20
1000000049,8,95,3,6,9,17
1000000050,9,31,2,0,8,7
1000000051,6,94,3,3,5,19
1000000052,9,34,1,5,4,9
1000000053,9,99,3,0,0,20
1000000054,2,112,1,0,0,19
1000000055,1,104,0,3,3,12
1000000056,9,95,0,5,6,10
1000000057,8,82,0,5,5,9
1000000058,1,27,0,6,3,19
1000000059,5,77,1,5,6,9
1000000060,7,101,2,4,6,17
1000000061,0,104,0,1,6,19
1000000062,5,120,2,2,6,7
1000000063,8,45,0,2,7,12
1000000064,4,25,3,6,0,17
1000000065,1,45,1,3,1,12
1000000066,0,109,0,1,8,20
1000000067,4,25,1,4,8,9
1000000068,7,41,0,3,0,12
1000000069,4,8,2,5,7,19
1000000070,8,119,0,4,8,13
1000000071,9,42,2,0,3,8
1000000072,2,10,1,4,7,20
1000000073,6,60,0,4,1,6
1000000074,4,62,0,3,7,6
1000000075,5,18,1,2,9,6
1000000076,2,41,1,2,10,10
1000000077,3,112,0,2,8,14
1000000078,6,36,1,3,5,18
1000000079,7,7,1,0,1,14
1000000080,7,46,2,4,5,19
1000000081,2,97,1,5,6,9
1000000082,5,9,2,2,8,17
1000000083,5,18,1,1,8,15
1000000084,1,65,2,4,6,12
1000000085,1,114,3,0,9,14
1000000086,8,84,3,1,5,13
1000000087,4,72,0,2,6,7
1000000088,5,9,2,3,4,16
1000000089,3,86,2,4,9,16
1000000090,3,92,2,4,6,6
1000000091,1,41,0,2,1,15
1000000092,7,106,0,5,4,14
1000000093,2,17,3,6,3,6
1000000094,3,35,2,6,9,9
1000000095,1,8,3,4,9,20
1000000096,7,69,3,2,9,18
1000000097,2,80,3,2,0,19
1000000098,1,49,3,3,1,13
1000000099,3,21,0,0,1,7
1000000100,4,112,2,3,0,18
1000000101,2,47,3,1,7,9
1000000102,4,114,0,4,4,15
1000000103,6,104,0,1,2,10
1000000104,9,56,3,0,9,15
1000000105,3,27,3,4,10,12
1000000106,3,60,3,3,9,9
1000000107,8,116,2,4,9,11
1000000108,3,16,3,6,7,15
1000000109,9,103,0,5,8,13
1000000110,1,107,1,6,6,16
1000000111,7,15,0,6,0,7
1000000112,6,32,3,3,2,7
1000000113,3,43,0,3,8,19
1000000114,4,52,0,5,0,19
1000000115,8,104,2,2,6,6
1000000116,9,47,0,1,6,12
1000000117,9,94,0,6,5,20
1000000118,8,31,1,1,8,9
1000000119,0,90,1,3,8,9
1000000120,4,107,2,4,8,10
1000000121,3,87,2,2,1,17
1000000122,2,100,0,3,1,12
1000000123,0,37,1,0,9,6
1000000124,1,12,3,6,8,9
1000000125,9,105,2,4,10,9
1000000126,3,60,0,2,8,18
1000000127,4,76,1,6,9,18
1000000128,7,87,0,4,2,7
1000000129,9,15,2,2,9,18
1000000130,4,19,2,0,10,10
1000000131,0,107,2,5,6,9
1000000132,9,113,0,4,6,20
1000000133,0,30,3,6,6,7
1000000134,5,96,2,6,9,7
1000000135,4,36,1,4,5,8
1000000136,0,27,3,5,10,17
1000000137,0,70,2,3,7,8
1000000138,9,56,0,6,0,7
1000000139,1,108,2,3,2,8
1000000140,1,54,0,2,8,19
1000000141,4,9,2,1,6,14
1000000142,8,65,1,3,4,7
1000000143,6,113,2,5,9,13
1000000144,7,16,1,4,1,7
1000000145,3,89,0,4,8,20
1000000146,6,78,1,1,9,8
1000000147,0,74,3,6,3,11
1000000148,6,52,2,2,10,20
1000000149,7,77,1,4,4,17
1000000150,0,104,0,3,8,18
1000000151,4,34,1,1,5,7
1000000152,4,62,1,4,6,11
1000000153,0,31,3,1,1,18
1000000154,3,99,2,5,1,8
1000000155,2,78,3,6,1,14
1000000156,3,5,2,5,10,10
1000000157,7,74,3,5,5,9
1000000158,4,30,2,5,0,10
1000000159,3,91,3,5,2,12
1000000160,4,84,2,0,2,17
1000000161,2,7,0,5,5,7
1000000162,2,92,3,6,9,13
1000000163,5,33,0,0,8,16
1000000164,8,6,1,0,6,17
1000000165,2,114,3,4,0,20
1000000166,4,92,0,0,4,9
1000000167,1,113,3,6,3,13
1000000168,2,116,1,5,6,15
1000000169,0,60,3,0,0,18
1000000170,9,46,1,2,7,6
1000000171,8,47,3,2,0,6
1000000172,6,30,0,5,8,9
1000000173,6,10,0,0,9,15
1000000174,9,116,0,2,1,17
1000000175,7,45,2,5,1,8
1000000176,3,23,1,3,6,15
1000000177,1,65,3,1,5,6
1000000178,4,110,2,5,5,6
1000000179,7,50,1,1,3,12
1000000180,9,70,1,0,9,8
1000000181,0,103,1,6,1,7
1000000182,0,25,2,0,7,8
1000000183,2,97,3,5,6,13
1000000184,3,80,1,4,9,12
1000000185,2,24,0,5,2,12
1000000186,0,103,0,3,8,9
1000000187,3,114,0,3,8,12
1000000188,4,73,0,3,5,8
1000000189,7,102,1,1,6,12
1000000190,8,103,3,1,0,18
1000000191,8,118,3,1,9,18
1000000192,6,41,1,4,10,13
1000000193,1,86,0,4,6,13
1000000194,3,110,3,5,7,8
1000000195,7,78,2,5,3,8
1000000196,6,74,2,1,1,17
1000000197,2,83,1,1,7,9
1000000198,1,74,0,5,1,20
1000000199,8,59,3,0,0,15
1000000200,3,51,3,3,1,6
1000000201,1,44,2,2,3,15
1000000202,0,117,1,3,8,17
1000000203,4,80,1,5,5,11
1000000204,9,7,1,1,10,13
1000000205,4,94,2,0,1,14
1000000206,6,55,1,4,6,18
1000000207,7,22,2,4,8,14
1000000208,3,106,1,1,10,15
1000000209,7,19,2,2,10,7
1000000210,8,93,3,4,3,11
1000000211,4,114,2,3,0,11
1000000212,8,101,2,1,6,17
1000000213,5,111,1,6,0,17
1000000214,0,93,0,0,3,8
1000000215,1,43,1,0,7,16
1000000216,7,74,2,2,6,6
1000000217,5,39,2,5,3,20
1000000218,2,26,3,2,6,12
1000000219,0,55,0,0,7,19
1000000220,0,62,3,4,4,12
1000000221,4,57,3,1,10,16
1000000222,0,60,0,0,8,16
1000000223,0,57,3,4,4,8
1000000224,0,103,3,5,0,7
1000000225,9,94,1,5,7,12
1000000226,9,93,0,2,8,15
1000000227,3,115,3,4,4,9
1000000228,6,48,1,5,6,10
1000000229,0,70,0,5,3,6
1000000230,9,93,2,0,9,6
1000000231,8,92,0,6,3,14
1000000232,5,7,0,0,0,9
1000000233,7,48,2,1,0,10
1000000234,6,17,0,5,10,9
1000000235,1,19,3,0,4,20
1000000236,4,40,0,2,9,18
1000000237,6,118,3,4,9,15
1000000238,8,81,3,0,7,8
1000000239,0,36,0,0,4,10
1000000240,6,30,1,0,7,19
1000000241,5,83,1,1,0,16
1000000242,0,37,0,4,3,20
1000000243,4,90,3,0,0,7
1000000244,0,75,1,0,6,12
1000000245,1,35,0,2,2,15
1000000246,1,9,0,3,3,17
1000000247,3,73,0,3,0,12
1000000248,1,71,3,0,6,17
1000000249,8,72,2,5,8,14
1000000250,3,21,2,1,9,7
1000000251,5,103,2,2,4,20
1000000252,6,47,2,4,6,19
1000000253,9,85,0,1,3,14
1000000254,7,66,0,2,4,10
1000000255,0,62,0,3,5,14
1000000256,7,105,3,0,2,17
1000000257,4,6,1,0,9,15
1000000258,0,56,1,4,6,8
1000000259,0,102,2,2,3,8
1000000260,6,44,1,3,4,15
1000000261,9,69,1,1,5,12
1000000262,7,29,2,1,6,7
1000000263,1,8,3,3,7,17
1000000264,1,119,2,6,3,14
1000000265,4,85,3,2,6,17
1000000266,2,98,3,5,7,11
1000000267,3,58,0,3,7,7
1000000268,8,92,2,5,4,11
1000000269,6,8,0,4,3,12
1000000270,7,89,0,1,2,8
1000000271,8,69,3,2,3,16
1000000272,0,97,0,5,9,13
1000000273,2,43,2,4,7,9
1000000274,1,65,0,6,7,16
1000000275,7,76,1,5,10,6
1000000276,7,92,0,6,4,9
1000000277,0,106,3,3,6,11
1000000278,9,61,3,2,1,18
1000000279,6,6,2,5,4,13
1000000280,8,51,3,3,5,12
1000000281,3,42,2,4,7,20
1000000282,9,72,0,0,2,6
1000000283,1,51,0,4,8,9
1000000284,5,49,3,1,8,7
1000000285,0,40,2,4,7,20
1000000286,9,116,0,1,9,6
1000000287,0,20,3,6,9,18
1000000288,5,104,2,3,10,11
1000000289,8,23,2,2,6,13
1000000290,3,58,1,3,9,11
1000000291,4,111,1,3,5,12
1000000292,1,9,0,5,5,19
1000000293,1,93,0,2,0,16
1000000294,3,49,1,3,2,6
1000000295,5,13,1,3,10,6
1000000296,0,22,3,4,3,10
1000000297,1,53,0,0,3,13
1000000298,0,66,0,6,9,14
1000000299,6,12,1,3,4,12
1000000300,2,43,1,6,6,13
1000000301,9,30,1,1,0,8
1000000302,9,72,1,0,7,6
1000000303,1,79,2,2,3,16
1000000304,8,65,0,5,5,7
1000000305,6,71,3,0,1,20
1000000306,2,37,0,5,1,15
1000000307,1,11,0,1,1,14
1000000308,8,90,2,2,1,20
1000000309,4,45,3,0,0,17
1000000310,1,18,2,0,5,7
1000000311,8,58,3,0,7,12
1000000312,3,75,0,6,4,14
1000000313,5,39,0,5,8,6
1000000314,6,54,0,1,4,16
1000000315,7,52,1,3,0,19
1000000316,4,60,3,3,6,18
1000000317,4,48,2,6,10,18
1000000318,2,47,0,0,1,12
1000000319,5,84,3,1,8,16
1000000320,0,22,3,2,1,15
1000000321,7,51,1,6,0,17
1000000322,0,82,0,4,1,6
1000000323,4,118,2,5,3,9
1000000324,9,93,3,6,2,10
1000000325,5,107,2,3,8,15
1000000326,0,74,0,1,9,14
1000000327,9,24,3,0,8,15
1000000328,9,48,2,3,0,14
1000000329,4,113,3,2,3,10
1000000330,9,76,0,6,3,13
1000000331,8,48,2,0,5,9
1000000332,9,91,2,1,10,6
1000000333,9,87,1,0,7,8
1000000334,8,114,2,6,9,8
1000000335,7,85,0,2,8,15
1000000336,1,56,2,5,6,10
1000000337,5,73,3,6,2,7
1000000338,9,118,2,0,4,6
1000000339,6,71,0,0,5,17
1000000340,9,88,2,0,2,15
1000000341,3,119,2,4,1,12
1000000342,6,77,0,2,2,13
1000000343,4,67,1,0,9,12
1000000344,0,38,2,6,1,13
1000000345,9,81,0,1,10,7
1000000346,0,92,1,0,6,20
1000000347,8,15,2,3,0,7
1000000348,0,8,1,5,4,8
1000000349,4,39,1,2,1,13
1000000350,0,28,1,4,2,6
1000000351,5,16,1,6,7,11
1000000352,6,97,0,5,5,9
1000000353,8,58,1,1,2,8
1000000354,0,61,2,3,10,10
1000000355,5,37,0,5,2,13
1000000356,4,58,2,6,8,19
1000000357,5,39,0,1,0,18
1000000358,0,102,3,2,4,13
1000000359,2,79,0,5,2,16
1000000360,1,42,2,3,9,10
1000000361,6,100,1,1,4,13
1000000362,0,14,0,1,4,16
1000000363,7,99,1,5,5,7
1000000364,9,86,3,6,9,7
1000000365,2,118,3,3,5,6
1000000366,6,97,0,1,10,7
1000000367,1,102,0,4,2,10
1000000368,4,75,2,4,10,16
1000000369,1,67,0,3,4,6
1000000370,9,113,3,0,7,18
1000000371,0,21,3,0,5,7
1000000372,6,30,2,2,5,11
1000000373,1,49,0,2,3,15
1000000374,5,101,2,0,0,20
1000000375,9,7,2,0,8,16
1000000376,7,31,2,6,3,13
1000000377,3,116,0,0,8,6
1000000378,4,57,0,6,8,9
1000000379,1,104,3,0,3,19
1000000380,9,91,2,2,8,15
1000000381,6,118,0,0,3,20
1000000382,9,107,3,6,7,12
1000000383,7,45,1,0,8,12
1000000384,0,82,1,6,7,20
1000000385,3,99,0,0,6,11
1000000386,2,107,3,1,9,18
1000000387,1,92,0,2,4,13
1000000388,9,60,1,3,8,20
1000000389,6,31,0,2,1,12
1000000390,8,97,0,4,5,17
1000000391,8,102,1,3,3,11
1000000392,0,118,0,5,0,7
1000000393,8,108,2,5,1,15
1000000394,1,18,0,6,5,11
1000000395,1,101,3,0,5,17
1000000396,1,46,2,5,4,8
1000000397,5,84,3,6,8,15
1000000398,5,31,3,6,9,9
1000000399,3,31,2,1,2,9
1000000400,3,40,1,4,9,20
1000000401,9,70,2,1,1,10
1000000402,9,97,1,6,10,17
1000000403,3,104,2,6,5,13
1000000404,3,79,0,6,7,19
1000000405,0,119,0,1,1,18
1000000406,4,7,1,3,3,17
1000000407,2,67,0,6,8,15
1000000408,5,49,1,5,5,11
1000000409,7,75,2,2,9,15
1000000410,8,46,0,6,10,9
1000000411,3,92,0,0,4,17
1000000412,1,74,1,4,5,15
1000000413,8,10,2,5,5,9
1000000414,3,83,2,4,2,14
1000000415,3,9,3,5,7,6
1000000416,7,83,0,3,9,8
1000000417,2,59,2,6,7,11
1000000418,6,57,1,0,1,19
1000000419,0,72,1,4,6,20
1000000420,3,109,3,4,6,9
1000000421,1,77,2,3,1,13
1000000422,5,23,2,3,3,18
1000000423,8,91,1,5,5,11
1000000424,5,105,0,3,1,6
1000000425,6,22,3,3,3,11
1000000426,5,82,3,0,4,12
1000000427,3,56,0,6,6,20
1000000428,9,6,1,1,3,10
1000000429,3,5,1,4,3,9
1000000430,5,116,1,2,4,8
1000000431,8,111,3,2,4,6
1000000432,7,26,0,3,3,20
1000000433,0,97,2,4,7,7
1000000434,5,50,1,4,3,7
1000000435,0,8,2,4,8,17
1000000436,8,52,1,1,6,8
1000000437,2,74,2,1,10,16
1000000438,2,73,2,1,9,12
1000000439,6,49,3,1,2,13
1000000440,4,55,2,0,5,7
1000000441,7,116,2,5,7,13
1000000442,2,11,0,5,6,11
1000000443,1,30,0,4,0,12
1000000444,7,24,2,6,8,17
1000000445,4,89,1,6,8,20
1000000446,3,103,2,6,5,17
1000000447,3,18,3,1,2,13
1000000448,8,56,0,4,6,13
1000000449,6,94,1,0,7,10
1000000450,0,7,2,4,3,15
1000000451,2,38,3,3,9,13
1000000452,6,6,3,3,3,15
1000000453,5,55,3,5,3,16
1000000454,9,12,2,1,2,7
1000000455,0,53,2,0,10,7
1000000456,8,116,1,0,0,11
1000000457,8,60,0,1,8,8
1000000458,0,23,1,5,6,8
1000000459,3,66,2,6,2,19
1000000460,4,117,0,4,1,6
1000000461,4,76,0,4,1,9
1000000462,8,109,1,5,0,8
1000000463,9,99,0,1,5,15
1000000464,3,110,2,5,8,13
1000000465,2,97,2,2,2,16
1000000466,9,95,3,6,10,13
1000000467,7,110,1,5,5,10
1000000468,0,88,3,5,9,9
1000000469,3,113,1,5,0,10
1000000470,5,107,0,0,5,6
1000000471,8,111,0,3,6,16
1000000472,0,45,2,1,10,20
1000000473,7,94,0,2,3,8
1000000474,1,35,1,3,7,6
1000000475,1,113,0,5,8,18
1000000476,3,83,0,1,8,10
1000000477,6,115,0,3,5,6
1000000478,1,112,1,4,10,17
1000000479,5,9,3,2,0,11
1000000480,2,86,3,1,10,11
1000000481,4,38,1,4,8,8
1000000482,3,56,2,0,2,13
1000000483,8,28,0,5,5,13
1000000484,6,53,2,6,6,15
1000000485,2,5,1,0,9,17
1000000486,6,22,3,0,7,10
1000000487,3,114,1,1,4,7
1000000488,3,13,1,5,2,11
1000000489,7,37,2,2,6,14
1000000490,1,19,3,3,1,12
1000000491,3,11,2,1,1,15
1000000492,8,96,3,0,8,18
1000000493,8,5,1,4,2,13
1000000494,5,117,3,2,3,14
1000000495,3,62,2,1,6,13
1000000496,0,15,1,2,7,11
1000000497,9,22,0,1,3,8
1000000498,3,86,3,6,2,19
1000000499,9,38,3,1,10,20
1000000500,3,64,2,0,9,19
1000000501,6,115,0,5,2,20
1000000502,5,85,2,6,10,15
1000000503,2,12,1,3,6,6
1000000504,3,27,1,6,5,12
1000000505,0,93,1,0,3,19
1000000506,6,94,3,5,5,6
1000000507,8,66,3,6,2,19
1000000508,4,46,1,1,8,19
1000000509,0,67,2,5,4,11
1000000510,3,80,2,0,7,9
1000000511,9,55,2,3,3,20
1000000512,2,22,2,3,3,9
1000000513,1,29,1,2,0,14
1000000514,0,18,2,2,7,18
1000000515,2,98,2,2,2,9
1000000516,6,13,1,3,5,18
1000000517,2,20,3,6,10,12
1000000518,1,24,1,2,3,20
1000000519,3,112,1,1,0,11
1000000520,0,10,3,5,2,15
1000000521,9,88,2,1,1,9
1000000522,2,110,1,1,5,10
1000000523,9,101,3,4,7,10
1000000524,3,112,2,3,2,20
1000000525,1,54,2,0,7,16
1000000526,4,69,2,4,5,17
1000000527,3,37,2,2,3,7
1000000528,4,48,3,5,8,16
1000000529,5,99,1,6,4,18
1000000530,2,85,3,4,2,11
1000000531,2,58,3,1,5,6
1000000532,5,120,0,1,8,15
1000000533,3,89,3,4,0,11
1000000534,4,81,2,5,6,14
1000000535,4,115,3,1,5,12
1000000536,6,92,1,0,4,15
1000000537,0,93,3,1,8,16
1000000538,7,15,0,6,4,11
1000000539,0,23,3,6,7,9
1000000540,9,109,1,3,0,18
1000000541,4,115,1,2,4,12
1000000542,7,101,3,2,4,12
1000000543,3,30,1,2,6,17
1000000544,5,74,0,3,1,19
1000000545,6,87,3,0,1,13
1000000546,7,68,3,0,10,11
1000000547,4,26,2,0,0,18
1000000548,9,102,3,5,8,20
1000000549,6,74,0,4,3,12
1000000550,2,31,0,4,2,9
1000000551,2,24,3,5,2,20
1000000552,4,78,1,5,10,20
1000000553,3,61,2,4,2,19
1000000554,1,80,3,5,1,16
1000000555,0,105,3,4,3,6
1000000556,1,81,3,0,1,15
1000000557,2,34,0,3,1,8
1000000558,6,25,2,5,9,20
1000000559,0,110,3,3,9,6
1000000560,4,117,3,6,2,17
1000000561,7,86,1,0,5,15
1000000562,0,76,1,4,2,19
1000000563,9,80,3,1,0,6
1000000564,1,88,1,5,6,10
1000000565,6,47,0,2,1,10
1000000566,0,58,0,1,8,20
1000000567,0,26,3,2,4,11
1000000568,5,21,3,4,3,12
1000000569,8,37,2,0,7,19
1000000570,7,83,3,1,1,14
1000000571,7,9,1,2,1,20
1000000572,7,31,3,4,7,9
1000000573,8,29,2,1,3,9
1000000574,7,46,3,1,8,6
1000000575,4,18,3,2,2,14
1000000576,5,69,2,3,2,18
1000000577,8,15,1,3,10,11
1000000578,6,17,1,0,2,10
1000000579,3,83,3,4,8,8
1000000580,6,68,2,6,8,6
1000000581,9,102,0,1,10,13
1000000582,9,47,0,6,2,12
1000000583,9,60,0,4,3,7
1000000584,6,93,3,4,1,18
1000000585,9,69,1,4,1,13
1000000586,0,17,2,0,3,15
1000000587,1,23,0,3,0,19
1000000588,1,72,2,2,10,19
1000000589,6,12,1,5,6,11
1000000590,4,71,3,6,0,11
1000000591,8,87,3,0,2,19
1000000592,2,120,1,1,7,18
1000000593,4,90,1,0,3,14
1000000594,6,63,1,3,4,13
1000000595,4,87,1,2,2,14
1000000596,8,63,1,4,9,14
1000000597,8,101,2,3,7,8
1000000598,1,67,0,4,8,7
1000000599,4,45,2,6,4,6
1000000600,5,65,3,4,4,15
1000000601,5,64,0,5,1,13
1000000602,7,26,1,2,0,20
1000000603,7,59,0,5,9,8
1000000604,1,43,2,3,9,11
1000000605,3,117,1,0,2,12
1000000606,0,34,3,6,2,20
1000000607,3,67,3,0,6,10
1000000608,0,17,0,1,6,14
1000000609,3,16,2,2,3,18
1000000610,6,27,1,4,6,12
1000000611,3,67,1,3,3,9
1000000612,6,80,1,5,5,11
1000000613,6,86,0,4,6,17
1000000614,2,47,1,6,8,9
1000000615,8,28,0,3,4,13
1000000616,8,5,1,3,0,19
1000000617,2,9,1,6,8,6
1000000618,4,15,1,4,4,7
1000000619,1,31,1,3,10,19
1000000620,9,91,1,6,0,16
1000000621,7,43,2,3,0,14
1000000622,8,56,1,0,6,14
1000000623,4,49,3,3,5,14
1000000624,7,28,1,0,2,11
1000000625,9,74,2,5,4,12
1000000626,5,104,0,0,8,16
1000000627,8,90,0,6,7,19
1000000628,5,94,0,6,2,11
1000000629,9,110,3,5,8,8
1000000630,2,104,3,2,3,10
1000000631,7,10,3,1,3,13
1000000632,1,74,2,3,9,12
1000000633,9,11,3,0,5,6
1000000634,3,89,0,1,5,19
1000000635,0,63,0,2,6,10
1000000636,3,99,1,0,9,7
1000000637,0,29,1,6,5,8
1000000638,6,62,0,6,6,7
1000000639,8,96,3,5,10,12
1000000640,5,49,3,6,5,13
1000000641,1,37,2,0,8,6
1000000642,2,16,2,0,1,7
1000000643,0,112,2,5,0,20
1000000644,7,69,1,1,2,19
1000000645,1,6,0,5,5,9
1000000646,9,87,3,5,5,11
1000000647,6,34,3,1,2,13
1000000648,7,36,0,1,10,11
1000000649,7,47,2,3,0,13
1000000650,0,27,3,3,6,19
1000000651,8,105,0,3,7,19
1000000652,5,91,2,1,4,7
1000000653,2,105,0,1,10,20
1000000654,1,103,1,1,10,6
1000000655,2,70,0,2,0,19
1000000656,7,26,1,5,6,7
1000000657,5,99,1,0,8,20
1000000658,4,105,0,6,10,7
1000000659,0,66,3,5,5,20
1000000660,0,63,3,6,8,19
1000000661,5,60,2,2,4,20
1000000662,9,90,0,0,9,8
1000000663,4,62,0,3,10,20
1000000664,0,23,3,1,7,18
1000000665,1,80,2,5,1,19
1000000666,4,63,2,1,1,13
1000000667,8,65,1,6,1,13
1000000668,5,106,2,0,7,8
1000000669,3,76,3,5,10,12
1000000670,4,81,1,0,6,9
1000000671,6,49,0,4,8,9
1000000672,8,31,3,5,2,16
1000000673,8,19,0,1,8,13
1000000674,5,11,0,0,5,19
1000000675,2,15,3,6,2,9
1000000676,3,67,1,0,10,16
1000000677,3,89,2,1,9,20
1000000678,9,86,0,5,10,19
1000000679,6,67,3,3,4,16
1000000680,4,87,3,1,0,14
1000000681,2,55,3,2,6,10
1000000682,6,26,3,6,6,7
1000000683,9,96,1,0,1,17
1000000684,7,62,0,5,2,6
1000000685,1,35,1,3,4,17
1000000686,6,114,2,6,3,18
1000000687,7,61,0,5,0,8
1000000688,8,53,3,2,7,17
1000000689,6,25,3,0,6,8
1000000690,7,54,0,5,7,18
1000000691,5,24,2,2,0,7
1000000692,4,76,0,2,5,15
1000000693,4,39,1,0,5,14
1000000694,4,74,1,1,8,11
1000000695,8,25,3,2,0,16
1000000696,3,110,2,3,9,17
1000000697,5,30,2,4,2,9
1000000698,8,35,0,4,9,12
1000000699,0,103,2,5,6,17
1000000700,8,104,2,0,1,10
1000000701,7,68,3,2,2,18
1000000702,3,111,1,4,9,10
1000000703,5,5,0,3,3,15
1000000704,0,88,1,2,9,12
1000000705,2,116,3,4,0,20
1000000706,7,47,0,6,3,10
1000000707,9,105,0,1,0,17
1000000708,2,41,0,6,5,12
1000000709,3,60,0,4,4,15
1000000710,9,43,2,2,2,13
1000000711,3,86,3,5,2,20
1000000712,4,71,1,6,1,19
1000000713,8,20,0,2,3,18
1000000714,0,7,1,5,6,17
1000000715,7,8,3,2,5,18
1000000716,8,117,1,5,0,16
1000000717,1,93,1,3,2,17
1000000718,3,76,3,4,9,11
1000000719,7,75,2,2,9,9
1000000720,8,59,0,4,4,12
1000000721,8,111,3,3,5,7
1000000722,4,67,0,4,9,8
1000000723,6,75,3,0,4,18
1000000724,9,101,1,5,2,16
1000000725,4,35,2,1,1,8
1000000726,6,36,1,1,5,9
1000000727,4,47,0,5,8,9
1000000728,0,68,2,1,10,6
1000000729,9,88,0,1,5,17
1000000730,5,99,0,5,7,11
1000000731,1,120,2,1,4,17
1000000732,8,39,2,3,3,18
1000000733,0,36,1,3,7,20
1000000734,6,48,1,0,8,20
1000000735,1,5,0,3,1,20
1000000736,9,52,1,1,6,6
1000000737,5,50,1,0,10,10
1000000738,4,85,1,5,8,9
1000000739,1,51,0,2,7,6
1000000740,7,86,3,0,3,16
1000000741,4,58,1,2,4,8
1000000742,8,109,3,1,8,6
1000000743,6,52,1,6,10,18
1000000744,4,77,1,2,3,18
1000000745,9,95,1,2,6,12
1000000746,3,44,0,1,6,20
1000000747,3,32,0,4,5,9
1000000748,3,70,3,1,2,19
1000000749,0,78,3,1,10,7
1000000750,8,66,1,0,0,6
1000000751,7,45,2,3,2,11
1000000752,1,45,2,5,7,14
1000000753,1,68,3,1,2,13
1000000754,5,73,1,0,7,20
1000000755,2,112,0,5,0,6
1000000756,1,44,0,2,8,15
1000000757,4,59,2,1,7,13
1000000758,0,27,0,5,7,19
1000000759,7,75,3,1,2,8
1000000760,2,38,3,0,7,14
1000000761,9,98,2,5,5,13
1000000762,8,53,2,3,7,15
1000000763,9,37,1,6,9,18
1000000764,7,95,3,2,1,16
1000000765,7,51,3,0,0,14
1000000766,4,55,2,2,2,18
1000000767,9,84,1,4,4,19
1000000768,9,11,2,3,1,11
1000000769,8,95,3,6,0,13
1000000770,4,92,2,6,4,13
1000000771,3,79,1,2,3,20
1000000772,5,78,2,5,5,10
1000000773,0,84,1,6,1,15
1000000774,1,77,3,1,5,9
1000000775,6,50,2,3,9,6
1000000776,3,45,3,3,10,13
1000000777,3,104,0,3,5,10
1000000778,8,61,0,1,0,11
1000000779,9,82,2,3,0,9
1000000780,0,100,3,5,7,12
1000000781,4,82,1,2,7,14
1000000782,7,85,0,1,10,12
1000000783,3,62,1,4,4,17
1000000784,3,38,2,0,6,11
1000000785,6,7,3,1,0,6
1000000786,4,61,1,1,8,8
1000000787,3,35,3,3,4,7
1000000788,8,34,0,5,7,15
1000000789,7,54,0,0,7,15
1000000790,6,15,2,6,9,16
1000000791,1,55,2,2,6,7
1000000792,8,99,0,0,0,7
1000000793,8,35,0,3,8,10
1000000794,7,107,2,2,1,7
1000000795,5,14,1,0,8,7
1000000796,1,21,3,1,4,6
1000000797,3,48,2,3,8,8
1000000798,1,53,0,3,8,13
1000000799,3,31,2,5,8,12
1000000800,9,74,0,5,2,6
1000000801,3,73,1,4,5,12
1000000802,0,31,1,5,9,16
1000000803,3,73,3,3,0,16
1000000804,8,8,3,2,8,12
1000000805,6,76,1,2,9,20
1000000806,6,117,2,2,4,13
1000000807,9,61,2,0,2,10
1000000808,8,46,1,1,2,8
1000000809,0,97,2,2,10,12
1000000810,7,98,1,2,10,19
1000000811,9,5,1,0,4,17
1000000812,3,77,3,4,8,20
1000000813,8,77,3,5,2,14
1000000814,6,45,1,3,10,14
1000000815,5,65,1,5,6,20
1000000816,7,62,3,4,7,12
1000000817,1,50,2,1,2,7
1000000818,9,116,0,1,4,6
1000000819,4,116,0,3,0,7
1000000820,9,79,3,3,2,8
1000000821,4,85,2,4,1,8
1000000822,7,60,0,3,9,15
1000000823,0,116,2,6,1,10
1000000824,2,57,3,2,2,17
1000000825,6,45,3,6,0,11
1000000826,5,29,2,4,9,12
1000000827,0,35,3,2,9,16
1000000828,4,30,1,4,0,20
1000000829,1,86,3,1,1,17
1000000830,2,9,3,6,2,11
1000000831,4,108,3,2,2,8
1000000832,8,75,2,4,5,15
1000000833,2,18,1,5,10,15
1000000834,9,115,3,5,5,13
1000000835,4,63,0,5,7,12
1000000836,9,23,1,4,0,7
1000000837,7,120,2,6,9,13
1000000838,1,27,1,0,2,17
1000000839,5,92,3,0,8,20
1000000840,0,85,3,1,5,19
1000000841,6,17,1,2,5,13
1000000842,4,97,1,3,10,16
1000000843,3,107,1,4,7,10
1000000844,4,31,1,6,5,15
1000000845,0,19,3,3,4,13
1000000846,6,86,2,3,9,6
1000000847,7,67,1,3,4,20
1000000848,7,24,1,1,6,13
1000000849,7,33,0,4,7,7
1000000850,7,111,3,4,4,11
1000000851,7,28,1,2,4,16
1000000852,3,39,3,6,9,11
1000000853,5,86,1,6,2,13
1000000854,7,55,0,0,2,12
1000000855,5,55,1,3,2,9
1000000856,2,67,3,3,8,8
1000000857,8,68,3,3,9,19
1000000858,2,98,2,3,6,11
1000000859,9,111,3,1,10,15
1000000860,4,56,1,4,1,15
1000000861,3,110,2,3,6,20
1000000862,9,96,0,6,10,16
1000000863,8,45,1,0,5,10
1000000864,1,77,0,3,7,6
1000000865,8,120,0,0,3,17
1000000866,4,120,1,5,7,6
1000000867,8,78,2,4,8,20
1000000868,8,93,3,0,3,15
1000000869,4,68,2,6,3,19
1000000870,2,101,0,0,2,17
1000000871,2,15,0,3,0,11
1000000872,5,101,3,4,9,15
1000000873,8,40,0,0,10,9
1000000874,3,111,1,1,3,10
1000000875,1,28,1,2,9,14
1000000876,8,69,2,6,1,17
1000000877,2,102,1,0,10,17
1000000878,9,65,2,2,1,19
1000000879,3,115,0,2,5,7
1000000880,5,94,2,6,2,8
1000000881,4,97,0,2,7,13
1000000882,0,119,3,2,10,16
1000000883,7,85,0,3,2,16
1000000884,3,17,3,1,3,15
1000000885,1,98,0,3,4,10
1000000886,0,82,0,6,10,20
1000000887,0,45,0,2,0,15
1000000888,5,45,2,0,7,13
1000000889,0,114,1,2,1,11
1000000890,9,96,2,2,6,14
1000000891,5,113,0,3,5,19
1000000892,4,86,3,4,9,13
1000000893,3,17,0,4,6,13
1000000894,6,22,3,3,4,14
1000000895,3,48,3,3,7,10
1000000896,3,64,3,5,1,6
1000000897,7,50,1,0,1,18
1000000898,7,62,0,1,2,15
1000000899,5,41,3,4,4,7
1000000900,2,66,0,0,7,6
1000000901,7,101,2,4,8,6
1000000902,8,7,2,0,0,9
1000000903,2,49,2,4,3,12
1000000904,2,110,0,5,1,14
1000000905,1,106,3,0,2,11
1000000906,2,94,3,2,5,10
1000000907,8,34,1,6,0,8
1000000908,1,112,3,4,1,6
1000000909,8,20,3,2,3,11
1000000910,5,44,0,0,8,15
1000000911,9,100,3,2,3,18
1000000912,2,69,0,1,4,17
1000000913,4,86,0,1,2,12
1000000914,2,106,2,6,9,13
1000000915,2,120,1,2,5,11
1000000916,0,119,3,5,0,14
1000000917,0,90,1,4,2,7
1000000918,1,106,0,5,7,17
1000000919,0,46,1,4,8,17
1000000920,1,105,1,4,2,12
1000000921,7,89,2,0,10,11
1000000922,2,102,3,6,6,19
1000000923,1,66,0,0,7,7
1000000924,3,80,2,6,8,12
1000000925,6,103,0,5,4,14
1000000926,0,79,1,2,8,6
1000000927,9,93,0,4,3,20
1000000928,8,45,0,3,8,9
1000000929,6,60,3,5,0,15
1000000930,1,5,3,6,6,18
1000000931,6,76,1,6,6,15
1000000932,1,108,1,2,7,10
1000000933,7,10,1,0,1,11
1000000934,4,92,1,6,10,7
1000000935,8,70,2,5,0,14
1000000936,7,58,0,5,5,13
1000000937,6,57,1,4,8,6
1000000938,9,96,3,6,9,13
1000000939,6,63,0,4,9,14
1000000940,5,103,3,3,8,16
1000000941,6,100,1,3,0,18
1000000942,4,76,2,6,2,14
1000000943,2,107,1,0,9,6
1000000944,3,70,3,5,7,17
1000000945,9,8,3,0,5,13
1000000946,3,14,2,1,7,7
1000000947,1,70,3,3,6,7
1000000948,5,66,0,4,2,11
1000000949,3,99,0,2,9,11
1000000950,7,31,3,6,10,18
1000000951,5,97,3,4,10,9
1000000952,5,118,2,3,6,12
1000000953,7,36,0,6,0,10
1000000954,5,76,2,0,5,20
1000000955,4,108,3,3,2,14
1000000956,2,96,0,4,3,10
1000000957,1,24,3,2,6,14
1000000958,2,10,3,1,7,16
1000000959,6,89,0,0,0,9
1000000960,1,63,2,5,0,10
1000000961,3,61,2,2,1,9
1000000962,8,32,0,0,2,6
1000000963,8,36,2,6,4,18
1000000964,5,84,3,5,7,17
1000000965,1,54,0,3,3,12
1000000966,7,7,2,3,6,6
1000000967,9,36,2,6,2,11
1000000968,6,18,1,6,9,11
1000000969,1,54,2,6,8,16
1000000970,1,77,2,1,2,7
1000000971,3,82,3,5,5,13
1000000972,4,28,0,3,10,20
1000000973,9,57,0,5,4,7
1000000974,3,101,1,3,6,19
1000000975,3,66,3,2,5,17
1000000976,0,77,3,3,5,14
1000000977,7,99,1,2,2,15
1000000978,4,31,1,2,9,10
1000000979,3,30,1,3,1,12
1000000980,9,111,1,5,9,7
1000000981,5,112,3,6,0,8
1000000982,2,11,0,4,0,18
1000000983,6,7,2,1,6,10
1000000984,1,20,1,6,0,20
1000000985,6,30,1,6,8,9
1000000986,4,59,3,1,10,8
1000000987,6,100,3,5,7,20
1000000988,5,19,2,4,10,6
1000000989,2,87,0,5,9,16
1000000990,6,105,2,3,4,18
1000000991,6,33,0,2,6,19
1000000992,1,26,3,5,4,20
1000000993,5,46,1,1,9,16
1000000994,8,50,3,3,9,18
1000000995,8,60,3,2,0,11
1000000996,6,43,0,2,8,17
1000000997,0,62,1,0,1,18
1000000998,6,103,0,3,6,17
1000000999,8,53,3,4,2,14
